0.00000000,1.00000000
0.12533323,0.99211470
0.24868989,0.96858316
0.36812455,0.92977649
0.48175367,0.87630668
0.58778525,0.80901699
0.68454711,0.72896863
0.77051324,0.63742399
0.84432793,0.53582679
0.90482705,0.42577929
0.95105652,0.30901699
0.98228725,0.18738131
0.99802673,0.06279052
0.99802673,-0.06279052
0.98228725,-0.18738131
0.95105652,-0.30901699
0.90482705,-0.42577929
0.84432793,-0.53582679
0.77051324,-0.63742399
0.68454711,-0.72896863
0.58778525,-0.80901699
0.48175367,-0.87630668
0.36812455,-0.92977649
0.24868989,-0.96858316
0.12533323,-0.99211470
0.00000000,-1.00000000
-0.12533323,-0.99211470
-0.24868989,-0.96858316
-0.36812455,-0.92977649
-0.48175367,-0.87630668
-0.58778525,-0.80901699
-0.68454711,-0.72896863
-0.77051324,-0.63742399
-0.84432793,-0.53582679
-0.90482705,-0.42577929
-0.95105652,-0.30901699
-0.98228725,-0.18738131
-0.99802673,-0.06279052
-0.99802673,0.06279052
-0.98228725,0.18738131
-0.95105652,0.30901699
-0.90482705,0.42577929
-0.84432793,0.53582679
-0.77051324,0.63742399
-0.68454711,0.72896863
-0.58778525,0.80901699
-0.48175367,0.87630668
-0.36812455,0.92977649
-0.24868989,0.96858316
-0.12533323,0.99211470
