signal,FPGA_ball,board_J5_physical_pin,DAC_P1_physical_pin,DAC_signal
dac_a_data[0],H19,7,15,P1_DB0
dac_a_data[1],H20,8,16,P1_DB1
dac_a_data[2],E18,9,13,P1_DB2
dac_a_data[3],F18,10,14,P1_DB3
dac_a_data[4],F17,11,9,P1_DB4
dac_a_data[5],G17,12,10,P1_DB5
dac_a_data[6],C17,13,7,P1_DB6
dac_a_data[7],C18,14,8,P1_DB7
dac_a_data[8],G19,15,5,P1_DB8
dac_a_data[9],F19,16,6,P1_DB9
dac_a_data[10],E20,17,3,P1_DB10
dac_a_data[11],E19,18,4,P1_DB11
dac_a_data[12],D22,19,1,P1_DB12
dac_a_data[13],C22,20,2,P1_DB13
dac_b_data[0],B22,21,36,P2_DB0
dac_b_data[1],B21,22,35,P2_DB1
dac_b_data[2],B17,23,34,P2_DB2
dac_b_data[3],B16,24,33,P2_DB3
dac_b_data[4],A17,25,32,P2_DB4
dac_b_data[5],A16,26,31,P2_DB5
dac_b_data[6],D20,27,28,P2_DB6
dac_b_data[7],C20,28,27,P2_DB7
dac_b_data[8],B15,29,26,P2_DB8
dac_b_data[9],C15,30,25,P2_DB9
dac_b_data[10],D17,31,24,P2_DB10
dac_b_data[11],D16,32,23,P2_DB11
dac_b_data[12],D15,33,22,P2_DB12
dac_b_data[13],E15,34,21,P2_DB13
dac_a_clk,D18,35,17,CLK1
dac_a_wrt,C19,36,18,WRT1
dac_b_clk,E16,37,19,CLK2
dac_b_wrt,F16,38,20,WRT2
5V,-,1,11,DAC module 5V
GND,-,5,12,DAC module DCOM
GND,-,6,30,DAC module DCOM
trigger_in,G15,39,-,3.3 V rising-edge trigger input (not DAC P1)
marker_out,G16,40,-,synchronous marker output (not DAC P1)
